Workbook

Sheet Coded
A1: MultiValues | B1: Griglia Italiano | C1: Griglia Inglês | D1: Resp.1 | E1: Resp.2
A2: TT(4X2) | B2: Tipo Trazione | C2: Traction type | D2: FWD | E2: FWD
A3: TT(4X4) | B3: Tipo Trazione | C3: Traction type | D3: 4WD | E3: 4WD
A4: ELT(BSG12) | B4: TIPO ELETTRIFICAZIONE | C4: TIPO ELETTRIFICAZIONE | D4: MICROHEV BSG 12V | E4: MICROHEV BSG 12V
A5: ELT(NO) | B5: TIPO ELETTRIFICAZIONE | C5: TIPO ELETTRIFICAZIONE | D5: ICE | E5: ICE
A6: VERS(*) | B6: SINCOM | C6: SINCOM | D6: (*) | E6: (*)
A7: KW(125) | B7: Potenza max KW | C7: Maximum power kW | D7: 127 | E7: 127
A8: KW(99) | B8: Potenza max KW | C8: Maximum power kW | D8: 96 | E8: 96
A9: TC(PKDC) | B9: Numero Porte | C9: Number of doors | D9: 4 | E9: 4
A10: TC(PKUP) | B10: Numero Porte | C10: Number of doors | D10: 2 | E10: 2
A11: VLE(6) | B11: Numero Cilindri | C11: Number of valves per cylinder | D11: 6 | E11: 6
A12: VLE(8) | B12: Numero Cilindri | C12: Number of valves per cylinder | D12: 8 | E12: 8
A13: NC(3) | B13: Numero Cilindri | C13: Number of cylinders | D13: 3 | E13: 3
A14: NC(4) | B14: Numero Cilindri | C14: Number of cylinders | D14: 4
A15: NP(2) | B15: Num Valvole per Cilindro | C15: Number of valves per cylinder | D15: 2
A16: NP(4) | B16: Num Valvole per Cilindro | C16: Number of valves per cylinder | D16: 4
A17: AM(38 | B17: Mercati | C17: Markets | D17: ARGENTINA | E17: ARGENTINA
A18: AM(38) | B18: Mercati | C18: Markets | D18: ARGENTINA | E18: ARGENTINA
A19: AM(11 | B19: Mercati | C19: Markets | D19: BRASILE,BRAZIL | E19: BRASILE,BRAZIL
A20: AM(11) | B20: Mercati | C20: Markets | D20: BRASILE,BRAZIL | E20: BRASILE,BRAZIL
A21: AM(47 | B21: Mercati | C21: Markets | D21: MESSICO,MEXICO | E21: MESSICO,MEXICO
A22: AM(47) | B22: Mercati | C22: Markets | D22: MESSICO,MEXICO | E22: MESSICO,MEXICO
A23: AM(55 | B23: Mercati | C23: Markets | D23: ALTRI MERCATI,OTHER MARKETS | E23: ALTRI MERCATI,OTHER MARKETS
A24: AM(55) | B24: Mercati | C24: Markets | D24: ALTRI MERCATI,OTHER MARKETS | E24: ALTRI MERCATI,OTHER MARKETS
A25: M(00) | B25: Marchio | C25: Brand | D25: FIAT | E25: FIAT
A26: M(58) | B26: Marchio | C26: Brand | D26: RAM | E26: RAM
A27: M(74) | B27: Marchio | C27: Brand | D27: PEUGEOT | E27: PEUGEOT
A28: MARCA(74) | B28: Marchio | C28: Brand | D28: PEUGEOT | E28: PEUGEOT
... A73: PC(CA72) | B73: Famiglia Cambio | C73: Gear Family | D73: AT6 | E73: Aut. Aisin
A74: CC(1.6) | B74: Cilindrata (l) | C74: Engine displacement (liters) | D74: 1.6 | E74: 1.6
A75: CC(2.4) | B75: Cilindrata (l) | C75: Engine displacement (liters) | D75: 2.4 | E75: 2.4
A76: CC(1.0) | B76: Cilindrata (l) | C76: Engine displacement (liters) | D76: 1 | E76: 1
A77: CC(1.3 | B77: Cilindrata (l) | C77: Engine displacement (liters) | D77: 1.3 | E77: 1.3
A78: CC(1.3) | B78: Cilindrata (l) | C78: Engine displacement (liters) | D78: 1.3 | E78: 1.3
A79: CC(1.4) | B79: Cilindrata (l) | C79: Engine displacement (liters) | D79: 1.4 | E79: 1.4
A80: CC(1.8 | B80: Cilindrata (l) | C80: Engine displacement (liters) | D80: 1.8 | E80: 1.8
A81: CC(1.8) | B81: Cilindrata (l) | C81: Engine displacement (liters) | D81: 1.8 | E81: 1.8
A82: CC(2.0) | B82: Cilindrata (l) | C82: Engine displacement (liters) | D82: 2 | E82: 2
A83: CC(2.2) | B83: Cilindrata (l) | C83: Engine displacement (liters) | D83: 2.2 | E83: 2.2
A84: CMB(ALC) | B84: Carburante | C84: Fuel | D84: Alcool | E84: Alcool
A85: CMB(GA) | B85: Carburante | C85: Fuel | D85: Flex | E85: Flex
A86: CMB(DS) | B86: Carburante | C86: Fuel | D86: Diesel | E86: DIESEL
A87: CMB(GAM) | B87: Carburante | C87: Fuel | D87: Gasolina | E87: Gasoline
A88: CMB(GSL) | B88: Carburante | C88: Fuel | D88: Gasolina | E88: Gasoline
A89: CMB(BZ) | B89: Carburante | C89: Fuel | D89: Benzina | E89: Pure Gasoline
A90: T(ASP) | B90: Caratteristiche Motore | C90: Engine Features | D90: Aspirato | E90: Aspirato
A91: A/T(ASP) | B91: Caratteristiche Motore | C91: Engine Features | D91: Aspirato | E91: Aspirato
A92: A/T(TRB) | B92: Caratteristiche Motore | C92: Engine Features | D92: Turbo | E92: Superturbo
A93: T(TRB) | B93: Caratteristiche Motore | C93: Engine Features | D93: Turbo | E93: Superturbo
A94: CC(2.2) | B94: Cilindrada (l) | C94: Engine displacement (liters) | D94: 2.2 | E94: 2.2

Sheet Updated
O1: multivalues | Q1: Italiano | R1: Inglês | S1: Model | T1: Resp.1 | U1: Resp.2
A2: =TRANSPOSE(_xlfn._xlws.FILTER(Coded!A:A,Coded!B:B=Updated!Q2)) -> TT(4X2) | B2: TT(4X4) | Q2: Tipo Trazione | R2: Traction type | S2: 2261 | T2: FWD
A3: =TRANSPOSE(_xlfn._xlws.FILTER(Coded!A:A,Coded!B:B=Updated!Q3)) -> TT(4X2) | B3: TT(4X4) | Q3: Tipo Trazione | R3: Traction type | S3: 2261 | T3: 4WD
A4: =TRANSPOSE(_xlfn._xlws.FILTER(Coded!A:A,Coded!B:B=Updated!Q4)) -> TT(4X2) | B4: TT(4X4) | Q4: Tipo Trazione | R4: Traction type | S4: 2651 | T4: Ant
A5: =TRANSPOSE(_xlfn._xlws.FILTER(Coded!A:A,Coded!B:B=Updated!Q5)) -> TT(4X2) | B5: TT(4X4) | Q5: Tipo Trazione | R5: Traction type | S5: 5211 | U5: FWD
A6: =TRANSPOSE(_xlfn._xlws.FILTER(Coded!A:A,Coded!B:B=Updated!Q6)) -> TT(4X2) | B6: TT(4X4) | Q6: Tipo Trazione | R6: Traction type | S6: 5211 | U6: 4WD
A7: =TRANSPOSE(_xlfn._xlws.FILTER(Coded!A:A,Coded!B:B=Updated!Q7)) -> TT(4X2) | B7: TT(4X4) | Q7: Tipo Trazione | R7: Traction type | S7: 5511 | U7: AWD
A8: =TRANSPOSE(_xlfn._xlws.FILTER(Coded!A:A,Coded!B:B=Updated!Q8)) -> ELT(BSG12) | B8: ELT(NO) | Q8: TIPO ELETTRIFICAZIONE | R8: - | S8: 3630 | T8: BSG12
A9: =TRANSPOSE(_xlfn._xlws.FILTER(Coded!A:A,Coded!B:B=Updated!Q9)) -> KW(125) | B9: KW(99) | Q9: Potenza max KW | R9: Maximum power kW | S9: 2261 | T9: 0
A10: =TRANSPOSE(_xlfn._xlws.FILTER(Coded!A:A,Coded!B:B=Updated!Q10)) -> KW(125) | B10: KW(99) | Q10: Potenza max KW | R10: Maximum power kW | S10: 3410 | T10: 57
A11: =TRANSPOSE(_xlfn._xlws.FILTER(Coded!A:A,Coded!B:B=Updated!Q11)) -> KW(125) | B11: KW(99) | Q11: Potenza max KW | R11: Maximum power kW | S11: 3630 | T11: 136
A12: =TRANSPOSE(_xlfn._xlws.FILTER(Coded!A:A,Coded!B:B=Updated!Q12)) -> KW(125) | B12: KW(99) | Q12: Potenza max KW | R12: Maximum power kW | S12: 3630 | T12: 127
A13: =TRANSPOSE(_xlfn._xlws.FILTER(Coded!A:A,Coded!B:B=Updated!Q13)) -> KW(125) | B13: KW(99) | Q13: Potenza max KW | R13: Maximum power kW | S13: 3630 | T13: 80
A14: =TRANSPOSE(_xlfn._xlws.FILTER(Coded!A:A,Coded!B:B=Updated!Q14)) -> KW(125) | B14: KW(99) | Q14: Potenza max KW | R14: Maximum power kW | S14: 3630 | T14: 92
A15: =TRANSPOSE(_xlfn._xlws.FILTER(Coded!A:A,Coded!B:B=Updated!Q15)) -> KW(125) | B15: KW(99) | Q15: Potenza max KW | R15: Maximum power kW | S15: 3630 | T15: 70
A16: =TRANSPOSE(_xlfn._xlws.FILTER(Coded!A:A,Coded!B:B=Updated!Q16)) -> KW(125) | B16: KW(99) | Q16: Potenza max KW | R16: Maximum power kW | S16: 3630 | T16: 84
A17: =TRANSPOSE(_xlfn._xlws.FILTER(Coded!A:A,Coded!B:B=Updated!Q17)) -> KW(125) | B17: KW(99) | Q17: Potenza max KW | R17: Maximum power kW | S17: 3760 | T17: 131
A18: =TRANSPOSE(_xlfn._xlws.FILTER(Coded!A:A,Coded!B:B=Updated!Q18)) -> KW(125) | B18: KW(99) | Q18: Potenza max KW | R18: Maximum power kW | S18: 5211 | U18: 129
A19: =TRANSPOSE(_xlfn._xlws.FILTER(Coded!A:A,Coded!B:B=Updated!Q19)) -> KW(125) | B19: KW(99) | Q19: Potenza max KW | R19: Maximum power kW | S19: 5211 | U19: 127
A20: =TRANSPOSE(_xlfn._xlws.FILTER(Coded!A:A,Coded!B:B=Updated!Q20)) -> KW(125) | B20: KW(99) | Q20: Potenza max KW | R20: Maximum power kW | S20: 5511 | U20: 000
A21: =TRANSPOSE(_xlfn._xlws.FILTER(Coded!A:A,Coded!B:B=Updated!Q21)) -> KW(125) | B21: KW(99) | Q21: Potenza max KW | R21: Maximum power kW | S21: 5980 | U21: 200
A22: =TRANSPOSE(_xlfn._xlws.FILTER(Coded!A:A,Coded!B:B=Updated!Q22)) -> KW(125) | B22: KW(99) | Q22: Potenza max KW | R22: Maximum power kW | S22: 5980 | U22: 147
A23: =TRANSPOSE(_xlfn._xlws.FILTER(Coded!A:A,Coded!B:B=Updated!Q23)) -> TC(PKDC) | B23: TC(PKUP) | Q23: Numero Porte | R23: Number of doors | S23: 5211 | U23: 4
A24: =TRANSPOSE(_xlfn._xlws.FILTER(Coded!A:A,Coded!B:B=Updated!Q24)) -> TC(PKDC) | B24: TC(PKUP) | Q24: Numero Porte | R24: Number of doors | S24: 5511 | U24: 5
A25: =TRANSPOSE(_xlfn._xlws.FILTER(Coded!A:A,Coded!B:B=Updated!Q25)) -> VLE(6) | B25: VLE(8) | C25: NC(3) | D25: NC(4) | Q25: Numero Cilindri | R25: Number of valves per cylinder | S25: 2651 | T25: 4
A26: =TRANSPOSE(_xlfn._xlws.FILTER(Coded!A:A,Coded!B:B=Updated!Q26)) -> VLE(6) | B26: VLE(8) | C26: NC(3) | D26: NC(4) | Q26: Numero Cilindri | R26: Number of valves per cylinder | S26: 2810 | T26: 3
A27: =TRANSPOSE(_xlfn._xlws.FILTER(Coded!A:A,Coded!B:B=Updated!Q27)) -> VLE(6) | B27: VLE(8) | C27: NC(3) | D27: NC(4) | Q27: Numero Cilindri | R27: Number of valves per cylinder | S27: 5211 | U27: 4
A28: =TRANSPOSE(_xlfn._xlws.FILTER(Coded!A:A,Coded!B:B=Updated!Q28)) -> VLE(6) | B28: VLE(8) | C28: NC(3) | D28: NC(4) | Q28: Numero Cilindri | R28: Number of cylinders | S28: 2651 | T28: 4
A29: =TRANSPOSE(_xlfn._xlws.FILTER(Coded!A:A,Coded!B:B=Updated!Q29)) -> VLE(6) | B29: VLE(8) | C29: NC(3) | D29: NC(4) | Q29: Numero Cilindri | R29: Number of cylinders | S29: 2810 | T29: 3
A30: =TRANSPOSE(_xlfn._xlws.FILTER(Coded!A:A,Coded!B:B=Updated!Q30)) -> VLE(6) | B30: VLE(8) | C30: NC(3) | D30: NC(4) | Q30: Numero Cilindri | R30: Number of cylinders | S30: 5211 | U30: 4
A31: =TRANSPOSE(_xlfn._xlws.FILTER(Coded!A:A,Coded!B:B=Updated!Q31)) -> NP(2) | B31: NP(4) | Q31: Num Valvole per Cilindro | R31: Number of valves per cylinder | S31: 5211 | U31: 4
A32: =TRANSPOSE(_xlfn._xlws.FILTER(Coded!A:A,Coded!B:B=Updated!Q32)) -> ECO(BPL8) | B32: ECO(E6C) | C32: BPL7) | D32: BPL7P) | E32: ECO(BPL6 | F32: ECO(BPL7 | G32: ECO(E6C) | H32: ECO(CF6) | I32: ECO(BPL6) | J32: ECO(BPL7) | K32: ECO(BPL7P) | L32: ECO(PL7O) | M32: ECO(PL7P) | N32: ECO(PL8) | Q32: Livello Ecologia | R32: Ecology level | S32: 2261 | T32: Proconve L8 + ORVR
A33: =TRANSPOSE(_xlfn._xlws.FILTER(Coded!A:A,Coded!B:B=Updated!Q33)) -> ECO(BPL8) | B33: ECO(E6C) | C33: BPL7) | D33: BPL7P) | E33: ECO(BPL6 | F33: ECO(BPL7 | G33: ECO(E6C) | H33: ECO(CF6) | I33: ECO(BPL6) | J33: ECO(BPL7) | K33: ECO(BPL7P) | L33: ECO(PL7O) | M33: ECO(PL7P) | N33: ECO(PL8) | Q33: Livello Ecologia | R33: Ecology level | S33: 2261 | T33: EURO 5
A34: =TRANSPOSE(_xlfn._xlws.FILTER(Coded!A:A,Coded!B:B=Updated!Q34)) -> ECO(BPL8) | B34: ECO(E6C) | C34: BPL7) | D34: BPL7P) | E34: ECO(BPL6 | F34: ECO(BPL7 | G34: ECO(E6C) | H34: ECO(CF6) | I34: ECO(BPL6) | J34: ECO(BPL7) | K34: ECO(BPL7P) | L34: ECO(PL7O) | M34: ECO(PL7P) | N34: ECO(PL8) | Q34: Livello Ecologia | R34: Ecology level | S34: 2261 | T34: CF6
A35: =TRANSPOSE(_xlfn._xlws.FILTER(Coded!A:A,Coded!B:B=Updated!Q35)) -> ECO(BPL8) | B35: ECO(E6C) | C35: BPL7) | D35: BPL7P) | E35: ECO(BPL6 | F35: ECO(BPL7 | G35: ECO(E6C) | H35: ECO(CF6) | I35: ECO(BPL6) | J35: ECO(BPL7) | K35: ECO(BPL7P) | L35: ECO(PL7O) | M35: ECO(PL7P) | N35: ECO(PL8) | Q35: Livello Ecologia | R35: Ecology level | S35: 2651 | T35: CEE-F5+EOBD
A36: =TRANSPOSE(_xlfn._xlws.FILTER(Coded!A:A,Coded!B:B=Updated!Q36)) -> ECO(BPL8) | B36: ECO(E6C) | C36: BPL7) | D36: BPL7P) | E36: ECO(BPL6 | F36: ECO(BPL7 | G36: ECO(E6C) | H36: ECO(CF6) | I36: ECO(BPL6) | J36: ECO(BPL7) | K36: ECO(BPL7P) | L36: ECO(PL7O) | M36: ECO(PL7P) | N36: ECO(PL8) | Q36: Livello Ecologia | R36: Ecology level | S36: 2810 | T36: E6C
A37: =TRANSPOSE(_xlfn._xlws.FILTER(Coded!A:A,Coded!B:B=Updated!Q37)) -> ECO(BPL8) | B37: ECO(E6C) | C37: BPL7) | D37: BPL7P) | E37: ECO(BPL6 | F37: ECO(BPL7 | G37: ECO(E6C) | H37: ECO(CF6) | I37: ECO(BPL6) | J37: ECO(BPL7) | K37: ECO(BPL7P) | L37: ECO(PL7O) | M37: ECO(PL7P) | N37: ECO(PL8) | Q37: Livello Ecologia | R37: Ecology level | S37: 3410 | T37: E5
A38: =TRANSPOSE(_xlfn._xlws.FILTER(Coded!A:A,Coded!B:B=Updated!Q38)) -> ECO(BPL8) | B38: ECO(E6C) | C38: BPL7) | D38: BPL7P) | E38: ECO(BPL6 | F38: ECO(BPL7 | G38: ECO(E6C) | H38: ECO(CF6) | I38: ECO(BPL6) | J38: ECO(BPL7) | K38: ECO(BPL7P) | L38: ECO(PL7O) | M38: ECO(PL7P) | N38: ECO(PL8) | Q38: Livello Ecologia | R38: Ecology level | S38: 3410 | T38: Proconve L8 + ORVR + PGM
A39: =TRANSPOSE(_xlfn._xlws.FILTER(Coded!A:A,Coded!B:B=Updated!Q39)) -> ECO(BPL8) | B39: ECO(E6C) | C39: BPL7) | D39: BPL7P) | E39: ECO(BPL6 | F39: ECO(BPL7 | G39: ECO(E6C) | H39: ECO(CF6) | I39: ECO(BPL6) | J39: ECO(BPL7) | K39: ECO(BPL7P) | L39: ECO(PL7O) | M39: ECO(PL7P) | N39: ECO(PL8) | Q39: Livello Ecologia | R39: Ecology level | S39: 3630 | T39: Proconve L8
A40: =TRANSPOSE(_xlfn._xlws.FILTER(Coded!A:A,Coded!B:B=Updated!Q40)) -> ECO(BPL8) | B40: ECO(E6C) | C40: BPL7) | D40: BPL7P) | E40: ECO(BPL6 | F40: ECO(BPL7 | G40: ECO(E6C) | H40: ECO(CF6) | I40: ECO(BPL6) | J40: ECO(BPL7) | K40: ECO(BPL7P) | L40: ECO(PL7O) | M40: ECO(PL7P) | N40: ECO(PL8) | Q40: Livello Ecologia | R40: Ecology level | S40: 3630 | T40: CEE-F6+EOBD
A41: =TRANSPOSE(_xlfn._xlws.FILTER(Coded!A:A,Coded!B:B=Updated!Q41)) -> ECO(BPL8) | B41: ECO(E6C) | C41: BPL7) | D41: BPL7P) | E41: ECO(BPL6 | F41: ECO(BPL7 | G41: ECO(E6C) | H41: ECO(CF6) | I41: ECO(BPL6) | J41: ECO(BPL7) | K41: ECO(BPL7P) | L41: ECO(PL7O) | M41: ECO(PL7P) | N41: ECO(PL8) | Q41: Livello Ecologia | R41: Ecology level | S41: 5211 | U41: Proconve L8
A42: =TRANSPOSE(_xlfn._xlws.FILTER(Coded!A:A,Coded!B:B=Updated!Q42)) -> ECO(BPL8) | B42: ECO(E6C) | C42: BPL7) | D42: BPL7P) | E42: ECO(BPL6 | F42: ECO(BPL7 | G42: ECO(E6C) | H42: ECO(CF6) | I42: ECO(BPL6) | J42: ECO(BPL7) | K42: ECO(BPL7P) | L42: ECO(PL7O) | M42: ECO(PL7P) | N42: ECO(PL8) | Q42: Livello Ecologia | R42: Ecology level | S42: 5211 | U42: CEE-E6C
A43: =TRANSPOSE(_xlfn._xlws.FILTER(Coded!A:A,Coded!B:B=Updated!Q43)) -> ECO(BPL8) | B43: ECO(E6C) | C43: BPL7) | D43: BPL7P) | E43: ECO(BPL6 | F43: ECO(BPL7 | G43: ECO(E6C) | H43: ECO(CF6) | I43: ECO(BPL6) | J43: ECO(BPL7) | K43: ECO(BPL7P) | L43: ECO(PL7O) | M43: ECO(PL7P) | N43: ECO(PL8) | Q43: Livello Ecologia | R43: Ecology level | S43: 5211 | U43: EURO 5
A44: =TRANSPOSE(_xlfn._xlws.FILTER(Coded!A:A,Coded!B:B=Updated!Q44)) -> ECO(BPL8) | B44: ECO(E6C) | C44: BPL7) | D44: BPL7P) | E44: ECO(BPL6 | F44: ECO(BPL7 | G44: ECO(E6C) | H44: ECO(CF6) | I44: ECO(BPL6) | J44: ECO(BPL7) | K44: ECO(BPL7P) | L44: ECO(PL7O) | M44: ECO(PL7P) | N44: ECO(PL8) | Q44: Livello Ecologia | R44: Ecology level | S44: 5511 | U44: CEE-E6B
A45: =TRANSPOSE(_xlfn._xlws.FILTER(Coded!A:A,Coded!B:B=Updated!Q45)) -> ECO(BPL8) | B45: ECO(E6C) | C45: BPL7) | D45: BPL7P) | E45: ECO(BPL6 | F45: ECO(BPL7 | G45: ECO(E6C) | H45: ECO(CF6) | I45: ECO(BPL6) | J45: ECO(BPL7) | K45: ECO(BPL7P) | L45: ECO(PL7O) | M45: ECO(PL7P) | N45: ECO(PL8) | Q45: Livello Ecologia | R45: Ecology level | S45: 5511 | U45: CEE-F5
A46: =TRANSPOSE(_xlfn._xlws.FILTER(Coded!A:A,Coded!B:B=Updated!Q46)) -> ECO(BPL8) | B46: ECO(E6C) | C46: BPL7) | D46: BPL7P) | E46: ECO(BPL6 | F46: ECO(BPL7 | G46: ECO(E6C) | H46: ECO(CF6) | I46: ECO(BPL6) | J46: ECO(BPL7) | K46: ECO(BPL7P) | L46: ECO(PL7O) | M46: ECO(PL7P) | N46: ECO(PL8) | Q46: Livello Ecologia | R46: Ecology level | S46: 5980 | U46: Proconve L7 + ORVR
A47: =TRANSPOSE(_xlfn._xlws.FILTER(Coded!A:A,Coded!B:B=Updated!Q47)) -> ECO(BPL8) | B47: ECO(E6C) | C47: BPL7) | D47: BPL7P) | E47: ECO(BPL6 | F47: ECO(BPL7 | G47: ECO(E6C) | H47: ECO(CF6) | I47: ECO(BPL6) | J47: ECO(BPL7) | K47: ECO(BPL7P) | L47: ECO(PL7O) | M47: ECO(PL7P) | N47: ECO(PL8) | Q47: Livello Ecologia | R47: Ecology level | S47: 5980 | U47: Proconve L7
A48: =TRANSPOSE(_xlfn._xlws.FILTER(Coded!A:A,Coded!B:B=Updated!Q48)) -> L(L11) | B48: L(L6) | C48: L(L7) | D48: L(L9) | E48: L(L0) | F48: L(L1) | G48: L(L2) | H48: L(L3) | I48: L(L8) | J48: L(L4) | K48: L(L5) | Q48: Livello Allestimento | R48: Trim Level | S48: 2261 | T48: LL5
A49: =TRANSPOSE(_xlfn._xlws.FILTER(Coded!A:A,Coded!B:B=Updated!Q49)) -> L(L11) | B49: L(L6) | C49: L(L7) | D49: L(L9) | E49: L(L0) | F49: L(L1) | G49: L(L2) | H49: L(L3) | I49: L(L8) | J49: L(L4) | K49: L(L5) | Q49: Livello Allestimento | R49: Trim Level | S49: 2261 | T49: LL0
A50: =TRANSPOSE(_xlfn._xlws.FILTER(Coded!A:A,Coded!B:B=Updated!Q50)) -> L(L11) | B50: L(L6) | C50: L(L7) | D50: L(L9) | E50: L(L0) | F50: L(L1) | G50: L(L2) | H50: L(L3) | I50: L(L8) | J50: L(L4) | K50: L(L5) | Q50: Livello Allestimento | R50: Trim Level | S50: 2261 | T50: LL2
A51: =TRANSPOSE(_xlfn._xlws.FILTER(Coded!A:A,Coded!B:B=Updated!Q51)) -> L(L11) | B51: L(L6) | C51: L(L7) | D51: L(L9) | E51: L(L0) | F51: L(L1) | G51: L(L2) | H51: L(L3) | I51: L(L8) | J51: L(L4) | K51: L(L5) | Q51: Livello Allestimento | R51: Trim Level | S51: 2261 | T51: LL11
A52: =TRANSPOSE(_xlfn._xlws.FILTER(Coded!A:A,Coded!B:B=Updated!Q52)) -> L(L11) | B52: L(L6) | C52: L(L7) | D52: L(L9) | E52: L(L0) | F52: L(L1) | G52: L(L2) | H52: L(L3) | I52: L(L8) | J52: L(L4) | K52: L(L5) | Q52: Livello Allestimento | R52: Trim Level | S52: 2261 | T52: LL4
A53: =TRANSPOSE(_xlfn._xlws.FILTER(Coded!A:A,Coded!B:B=Updated!Q53)) -> L(L11) | B53: L(L6) | C53: L(L7) | D53: L(L9) | E53: L(L0) | F53: L(L1) | G53: L(L2) | H53: L(L3) | I53: L(L8) | J53: L(L4) | K53: L(L5) | Q53: Livello Allestimento | R53: Trim Level | S53: 2651 | T53: L1
A54: =TRANSPOSE(_xlfn._xlws.FILTER(Coded!A:A,Coded!B:B=Updated!Q54)) -> L(L11) | B54: L(L6) | C54: L(L7) | D54: L(L9) | E54: L(L0) | F54: L(L1) | G54: L(L2) | H54: L(L3) | I54: L(L8) | J54: L(L4) | K54: L(L5) | Q54: Livello Allestimento | R54: Trim Level | S54: 2810 | T54: LL1
A55: =TRANSPOSE(_xlfn._xlws.FILTER(Coded!A:A,Coded!B:B=Updated!Q55)) -> L(L11) | B55: L(L6) | C55: L(L7) | D55: L(L9) | E55: L(L0) | F55: L(L1) | G55: L(L2) | H55: L(L3) | I55: L(L8) | J55: L(L4) | K55: L(L5) | Q55: Livello Allestimento | R55: Trim Level | S55: 2810 | T55: LL6
A56: =TRANSPOSE(_xlfn._xlws.FILTER(Coded!A:A,Coded!B:B=Updated!Q56)) -> L(L11) | B56: L(L6) | C56: L(L7) | D56: L(L9) | E56: L(L0) | F56: L(L1) | G56: L(L2) | H56: L(L3) | I56: L(L8) | J56: L(L4) | K56: L(L5) | Q56: Livello Allestimento | R56: Trim Level | S56: 2810 | T56: LL3
A57: =TRANSPOSE(_xlfn._xlws.FILTER(Coded!A:A,Coded!B:B=Updated!Q57)) -> L(L11) | B57: L(L6) | C57: L(L7) | D57: L(L9) | E57: L(L0) | F57: L(L1) | G57: L(L2) | H57: L(L3) | I57: L(L8) | J57: L(L4) | K57: L(L5) | Q57: Livello Allestimento | R57: Trim Level | S57: 3410 | T57: liv. 1
A58: =TRANSPOSE(_xlfn._xlws.FILTER(Coded!A:A,Coded!B:B=Updated!Q58)) -> L(L11) | B58: L(L6) | C58: L(L7) | D58: L(L9) | E58: L(L0) | F58: L(L1) | G58: L(L2) | H58: L(L3) | I58: L(L8) | J58: L(L4) | K58: L(L5) | Q58: Livello Allestimento | R58: Trim Level | S58: 3410 | T58: liv. 3
A59: =TRANSPOSE(_xlfn._xlws.FILTER(Coded!A:A,Coded!B:B=Updated!Q59)) -> L(L11) | B59: L(L6) | C59: L(L7) | D59: L(L9) | E59: L(L0) | F59: L(L1) | G59: L(L2) | H59: L(L3) | I59: L(L8) | J59: L(L4) | K59: L(L5) | Q59: Livello Allestimento | R59: Trim Level | S59: 3410 | T59: liv. 4
... A63: =TRANSPOSE(_xlfn._xlws.FILTER(Coded!A:A,Coded!B:B=Updated!Q63)) -> L(L11) | B63: L(L6) | C63: L(L7) | D63: L(L9) | E63: L(L0) | F63: L(L1) | G63: L(L2) | H63: L(L3) | I63: L(L8) | J63: L(L4) | K63: L(L5) | Q63: Livello Allestimento | R63: Trim Level | S63: 3760 | T63: liv. 5
A64: =TRANSPOSE(_xlfn._xlws.FILTER(Coded!A:A,Coded!B:B=Updated!Q64)) -> L(L11) | B64: L(L6) | C64: L(L7) | D64: L(L9) | E64: L(L0) | F64: L(L1) | G64: L(L2) | H64: L(L3) | I64: L(L8) | J64: L(L4) | K64: L(L5) | Q64: Livello Allestimento | R64: Trim Level | S64: 5211 | U64: liv. 6 - Altitude
A65: =TRANSPOSE(_xlfn._xlws.FILTER(Coded!A:A,Coded!B:B=Updated!Q65)) -> L(L11) | B65: L(L6) | C65: L(L7) | D65: L(L9) | E65: L(L0) | F65: L(L1) | G65: L(L2) | H65: L(L3) | I65: L(L8) | J65: L(L4) | K65: L(L5) | Q65: Livello Allestimento | R65: Trim Level | S65: 5211 | U65: liv. 9 - Longitude
A66: =TRANSPOSE(_xlfn._xlws.FILTER(Coded!A:A,Coded!B:B=Updated!Q66)) -> L(L11) | B66: L(L6) | C66: L(L7) | D66: L(L9) | E66: L(L0) | F66: L(L1) | G66: L(L2) | H66: L(L3) | I66: L(L8) | J66: L(L4) | K66: L(L5) | Q66: Livello Allestimento | R66: Trim Level | S66: 5211 | U66: liv. 3 - Trailhawk
A67: =TRANSPOSE(_xlfn._xlws.FILTER(Coded!A:A,Coded!B:B=Updated!Q67)) -> L(L11) | B67: L(L6) | C67: L(L7) | D67: L(L9) | E67: L(L0) | F67: L(L1) | G67: L(L2) | H67: L(L3) | I67: L(L8) | J67: L(L4) | K67: L(L5) | Q67: Livello Allestimento | R67: Trim Level | S67: 5211 | U67: liv. 1 - Sport
A68: =TRANSPOSE(_xlfn._xlws.FILTER(Coded!A:A,Coded!B:B=Updated!Q68)) -> L(L11) | B68: L(L6) | C68: L(L7) | D68: L(L9) | E68: L(L0) | F68: L(L1) | G68: L(L2) | H68: L(L3) | I68: L(L8) | J68: L(L4) | K68: L(L5) | Q68: Livello Allestimento | R68: Trim Level | S68: 5211 | U68: liv. 5 - Willys
A69: =TRANSPOSE(_xlfn._xlws.FILTER(Coded!A:A,Coded!B:B=Updated!Q69)) -> L(L11) | B69: L(L6) | C69: L(L7) | D69: L(L9) | E69: L(L0) | F69: L(L1) | G69: L(L2) | H69: L(L3) | I69: L(L8) | J69: L(L4) | K69: L(L5) | Q69: Livello Allestimento | R69: Trim Level | S69: 5211 | U69: liv. 4 - S
A70: =TRANSPOSE(_xlfn._xlws.FILTER(Coded!A:A,Coded!B:B=Updated!Q70)) -> L(L11) | B70: L(L6) | C70: L(L7) | D70: L(L9) | E70: L(L0) | F70: L(L1) | G70: L(L2) | H70: L(L3) | I70: L(L8) | J70: L(L4) | K70: L(L5) | Q70: Livello Allestimento | R70: Trim Level | S70: 5211 | U70: liv. 8 - Latitude
A71: =TRANSPOSE(_xlfn._xlws.FILTER(Coded!A:A,Coded!B:B=Updated!Q71)) -> L(L11) | B71: L(L6) | C71: L(L7) | D71: L(L9) | E71: L(L0) | F71: L(L1) | G71: L(L2) | H71: L(L3) | I71: L(L8) | J71: L(L4) | K71: L(L5) | Q71: Livello Allestimento | R71: Trim Level | S71: 5511 | U71: Level 5
A72: =TRANSPOSE(_xlfn._xlws.FILTER(Coded!A:A,Coded!B:B=Updated!Q72)) -> L(L11) | B72: L(L6) | C72: L(L7) | D72: L(L9) | E72: L(L0) | F72: L(L1) | G72: L(L2) | H72: L(L3) | I72: L(L8) | J72: L(L4) | K72: L(L5) | Q72: Livello Allestimento | R72: Trim Level | S72: 5511 | U72: Level 2
A73: =TRANSPOSE(_xlfn._xlws.FILTER(Coded!A:A,Coded!B:B=Updated!Q73)) -> L(L11) | B73: L(L6) | C73: L(L7) | D73: L(L9) | E73: L(L0) | F73: L(L1) | G73: L(L2) | H73: L(L3) | I73: L(L8) | J73: L(L4) | K73: L(L5) | Q73: Livello Allestimento | R73: Trim Level | S73: 5511 | U73: Level 4
A74: =TRANSPOSE(_xlfn._xlws.FILTER(Coded!A:A,Coded!B:B=Updated!Q74)) -> L(L11) | B74: L(L6) | C74: L(L7) | D74: L(L9) | E74: L(L0) | F74: L(L1) | G74: L(L2) | H74: L(L3) | I74: L(L8) | J74: L(L4) | K74: L(L5) | Q74: Livello Allestimento | R74: Trim Level | S74: 5511 | U74: Level 1
A75: =TRANSPOSE(_xlfn._xlws.FILTER(Coded!A:A,Coded!B:B=Updated!Q75)) -> L(L11) | B75: L(L6) | C75: L(L7) | D75: L(L9) | E75: L(L0) | F75: L(L1) | G75: L(L2) | H75: L(L3) | I75: L(L8) | J75: L(L4) | K75: L(L5) | Q75: Livello Allestimento | R75: Trim Level | S75: 5980 | U75: Level 7
A76: =TRANSPOSE(_xlfn._xlws.FILTER(Coded!A:A,Coded!B:B=Updated!Q76)) -> L(L11) | B76: L(L6) | C76: L(L7) | D76: L(L9) | E76: L(L0) | F76: L(L1) | G76: L(L2) | H76: L(L3) | I76: L(L8) | J76: L(L4) | K76: L(L5) | Q76: Livello Allestimento | R76: Trim Level | S76: 5980 | U76: Level 9
A77: =TRANSPOSE(_xlfn._xlws.FILTER(Coded!A:A,Coded!B:B=Updated!Q77)) -> C513) | B77: CA79) | C77: PC(C109) | D77: PC(C510 | E77: PC(C510) | F77: PC(C513 | G77: PC(C513) | H77: PC(C514 | I77: PC(C635) | J77: PC(CA79) | K77: CA74) | L77: PC(CA74) | M77: CA72) | N77: PC(CA72 | O77: PC(CA72) | Q77: Famiglia Cambio | R77: Gear Family | S77: 2261 | T77: AT6
A78: =TRANSPOSE(_xlfn._xlws.FILTER(Coded!A:A,Coded!B:B=Updated!Q78)) -> C513) | B78: CA79) | C78: PC(C109) | D78: PC(C510 | E78: PC(C510) | F78: PC(C513 | G78: PC(C513) | H78: PC(C514 | I78: PC(C635) | J78: PC(CA79) | K78: CA74) | L78: PC(CA74) | M78: CA72) | N78: PC(CA72 | O78: PC(CA72) | Q78: Famiglia Cambio | R78: Gear Family | S78: 2261 | T78: AT9
A79: =TRANSPOSE(_xlfn._xlws.FILTER(Coded!A:A,Coded!B:B=Updated!Q79)) -> C513) | B79: CA79) | C79: PC(C109) | D79: PC(C510 | E79: PC(C510) | F79: PC(C513 | G79: PC(C513) | H79: PC(C514 | I79: PC(C635) | J79: PC(CA79) | K79: CA74) | L79: PC(CA74) | M79: CA72) | N79: PC(CA72 | O79: PC(CA72) | Q79: Famiglia Cambio | R79: Gear Family | S79: 2651 | T79: C513
A80: =TRANSPOSE(_xlfn._xlws.FILTER(Coded!A:A,Coded!B:B=Updated!Q80)) -> C513) | B80: CA79) | C80: PC(C109) | D80: PC(C510 | E80: PC(C510) | F80: PC(C513 | G80: PC(C513) | H80: PC(C514 | I80: PC(C635) | J80: PC(CA79) | K80: CA74) | L80: PC(CA74) | M80: CA72) | N80: PC(CA72 | O80: PC(CA72) | Q80: Famiglia Cambio | R80: Gear Family | S80: 2810 | T80: CVT
A81: =TRANSPOSE(_xlfn._xlws.FILTER(Coded!A:A,Coded!B:B=Updated!Q81)) -> C513) | B81: CA79) | C81: PC(C109) | D81: PC(C510 | E81: PC(C510) | F81: PC(C513 | G81: PC(C513) | H81: PC(C514 | I81: PC(C635) | J81: PC(CA79) | K81: CA74) | L81: PC(CA74) | M81: CA72) | N81: PC(CA72 | O81: PC(CA72) | Q81: Famiglia Cambio | R81: Gear Family | S81: 5511 | U81: AT9
A82: =TRANSPOSE(_xlfn._xlws.FILTER(Coded!A:A,Coded!B:B=Updated!Q82)) -> C513) | B82: CA79) | C82: PC(C109) | D82: PC(C510 | E82: PC(C510) | F82: PC(C513 | G82: PC(C513) | H82: PC(C514 | I82: PC(C635) | J82: PC(CA79) | K82: CA74) | L82: PC(CA74) | M82: CA72) | N82: PC(CA72 | O82: PC(CA72) | Q82: Famiglia Cambio | R82: Gear Family | S82: 5511 | U82: AT6
A83: =TRANSPOSE(_xlfn._xlws.FILTER(Coded!A:A,Coded!B:B=Updated!Q83)) -> CC(1.6) | B83: CC(2.4) | C83: CC(1.0) | D83: CC(1.3 | E83: CC(1.3) | F83: CC(1.4) | G83: CC(1.8 | H83: CC(1.8) | I83: CC(2.0) | J83: CC(2.2) | Q83: Cilindrata (l) | R83: Engine displacement (liters) | S83: 2261 | T83: 1.3
A84: =TRANSPOSE(_xlfn._xlws.FILTER(Coded!A:A,Coded!B:B=Updated!Q84)) -> CC(1.6) | B84: CC(2.4) | C84: CC(1.0) | D84: CC(1.3 | E84: CC(1.3) | F84: CC(1.4) | G84: CC(1.8 | H84: CC(1.8) | I84: CC(2.0) | J84: CC(2.2) | Q84: Cilindrata (l) | R84: Engine displacement (liters) | S84: 2261 | T84: 2.2
A85: =TRANSPOSE(_xlfn._xlws.FILTER(Coded!A:A,Coded!B:B=Updated!Q85)) -> CC(1.6) | B85: CC(2.4) | C85: CC(1.0) | D85: CC(1.3 | E85: CC(1.3) | F85: CC(1.4) | G85: CC(1.8 | H85: CC(1.8) | I85: CC(2.0) | J85: CC(2.2) | Q85: Cilindrata (l) | R85: Engine displacement (liters) | S85: 2810 | T85: 1
A86: =TRANSPOSE(_xlfn._xlws.FILTER(Coded!A:A,Coded!B:B=Updated!Q86)) -> CC(1.6) | B86: CC(2.4) | C86: CC(1.0) | D86: CC(1.3 | E86: CC(1.3) | F86: CC(1.4) | G86: CC(1.8 | H86: CC(1.8) | I86: CC(2.0) | J86: CC(2.2) | Q86: Cilindrata (l) | R86: Engine displacement (liters) | S86: 2910 | T86: 2
A87: =TRANSPOSE(_xlfn._xlws.FILTER(Coded!A:A,Coded!B:B=Updated!Q87)) -> CC(1.6) | B87: CC(2.4) | C87: CC(1.0) | D87: CC(1.3 | E87: CC(1.3) | F87: CC(1.4) | G87: CC(1.8 | H87: CC(1.8) | I87: CC(2.0) | J87: CC(2.2) | Q87: Cilindrata (l) | R87: Engine displacement (liters) | S87: 5211 | U87: 1.3
A88: =TRANSPOSE(_xlfn._xlws.FILTER(Coded!A:A,Coded!B:B=Updated!Q88)) -> CC(1.6) | B88: CC(2.4) | C88: CC(1.0) | D88: CC(1.3 | E88: CC(1.3) | F88: CC(1.4) | G88: CC(1.8 | H88: CC(1.8) | I88: CC(2.0) | J88: CC(2.2) | Q88: Cilindrata (l) | R88: Engine displacement (liters) | S88: 5511 | U88: 2
A89: =TRANSPOSE(_xlfn._xlws.FILTER(Coded!A:A,Coded!B:B=Updated!Q89)) -> CC(1.6) | B89: CC(2.4) | C89: CC(1.0) | D89: CC(1.3 | E89: CC(1.3) | F89: CC(1.4) | G89: CC(1.8 | H89: CC(1.8) | I89: CC(2.0) | J89: CC(2.2) | Q89: Cilindrata (l) | R89: Engine displacement (liters) | S89: 5980 | U89: 2.2
A90: =TRANSPOSE(_xlfn._xlws.FILTER(Coded!A:A,Coded!B:B=Updated!Q90)) -> CMB(ALC) | B90: CMB(GA) | C90: CMB(DS) | D90: CMB(GAM) | E90: CMB(GSL) | F90: CMB(BZ) | Q90: Carburante | R90: Fuel | S90: 2261 | T90: Flex
A91: =TRANSPOSE(_xlfn._xlws.FILTER(Coded!A:A,Coded!B:B=Updated!Q91)) -> CMB(ALC) | B91: CMB(GA) | C91: CMB(DS) | D91: CMB(GAM) | E91: CMB(GSL) | F91: CMB(BZ) | Q91: Carburante | R91: Fuel | S91: 2261 | T91: DIESEL
A92: =TRANSPOSE(_xlfn._xlws.FILTER(Coded!A:A,Coded!B:B=Updated!Q92)) -> CMB(ALC) | B92: CMB(GA) | C92: CMB(DS) | D92: CMB(GAM) | E92: CMB(GSL) | F92: CMB(BZ) | Q92: Carburante | R92: Fuel | S92: 2261 | T92: Benzina
A93: =TRANSPOSE(_xlfn._xlws.FILTER(Coded!A:A,Coded!B:B=Updated!Q93)) -> CMB(ALC) | B93: CMB(GA) | C93: CMB(DS) | D93: CMB(GAM) | E93: CMB(GSL) | F93: CMB(BZ) | Q93: Carburante | R93: Fuel | S93: 2910 | T93: Gasolina
A94: =TRANSPOSE(_xlfn._xlws.FILTER(Coded!A:A,Coded!B:B=Updated!Q94)) -> CMB(ALC) | B94: CMB(GA) | C94: CMB(DS) | D94: CMB(GAM) | E94: CMB(GSL) | F94: CMB(BZ) | Q94: Carburante | R94: Fuel | S94: 3760 | T94: MHEV
A95: =TRANSPOSE(_xlfn._xlws.FILTER(Coded!A:A,Coded!B:B=Updated!Q95)) -> CMB(ALC) | B95: CMB(GA) | C95: CMB(DS) | D95: CMB(GAM) | E95: CMB(GSL) | F95: CMB(BZ) | Q95: Carburante | R95: Fuel | S95: 5211 | U95: Flex
A96: =TRANSPOSE(_xlfn._xlws.FILTER(Coded!A:A,Coded!B:B=Updated!Q96)) -> CMB(ALC) | B96: CMB(GA) | C96: CMB(DS) | D96: CMB(GAM) | E96: CMB(GSL) | F96: CMB(BZ) | Q96: Carburante | R96: Fuel | S96: 5211 | U96: Pure gasoline
A97: =TRANSPOSE(_xlfn._xlws.FILTER(Coded!A:A,Coded!B:B=Updated!Q97)) -> CMB(ALC) | B97: CMB(GA) | C97: CMB(DS) | D97: CMB(GAM) | E97: CMB(GSL) | F97: CMB(BZ) | Q97: Carburante | R97: Fuel | S97: 5511 | U97: Gasoline
A98: =TRANSPOSE(_xlfn._xlws.FILTER(Coded!A:A,Coded!B:B=Updated!Q98)) -> CMB(ALC) | B98: CMB(GA) | C98: CMB(DS) | D98: CMB(GAM) | E98: CMB(GSL) | F98: CMB(BZ) | Q98: Carburante | R98: Fuel | S98: 5980 | U98: Diesel
A99: =TRANSPOSE(_xlfn._xlws.FILTER(Coded!A:A,Coded!B:B=Updated!Q99)) -> T(ASP) | B99: A/T(ASP) | C99: A/T(TRB) | D99: T(TRB) | Q99: Caratteristiche Motore | R99: Engine Features | S99: 2261 | T99: Sovralimentato Turbo
A100: =TRANSPOSE(_xlfn._xlws.FILTER(Coded!A:A,Coded!B:B=Updated!Q100)) -> T(ASP) | B100: A/T(ASP) | C100: A/T(TRB) | D100: T(TRB) | Q100: Caratteristiche Motore | R100: Engine Features | S100: 2651 | T100: Aspirato
A101: =TRANSPOSE(_xlfn._xlws.FILTER(Coded!A:A,Coded!B:B=Updated!Q101)) -> T(ASP) | B101: A/T(ASP) | C101: A/T(TRB) | D101: T(TRB) | Q101: Caratteristiche Motore | R101: Engine Features | S101: 2810 | T101: Turbo
A102: =TRANSPOSE(_xlfn._xlws.FILTER(Coded!A:A,Coded!B:B=Updated!Q102)) -> T(ASP) | B102: A/T(ASP) | C102: A/T(TRB) | D102: T(TRB) | Q102: Caratteristiche Motore | R102: Engine Features | S102: 5511 | U102: Turbo
M109: CEE-F5,

Sheet tb_de_para
A1: Multivalues | B1: Griglia Italiano | C1: Griglia Inglês | D1: Model | E1: Resp.1 | F1: Resp.2
A2: 0 | B2: Potenza max KW | C2: Maximum power kW | D2: 226 | E2: 0
A3: 1,3 | B3: Cilindrata (l) | C3: Engine displacement (liters) | D3: 226 | E3: 1,3
A4: 2,2 | B4: Cilindrata (l) | C4: Engine displacement (liters) | D4: 226 | E4: 2,2
A5: 4WD | B5: Tipo Trazione | C5: Traction type | D5: 226 | E5: 4WD
A6: 5 | B6: Numero Porte | C6: Number of doors | D6: 226 | E6: 5
A7: AT6 | B7: Famiglia Cambio | C7: Gear Family | D7: 226 | E7: AT6
A8: AT9 | B8: Famiglia Cambio | C8: Gear Family | D8: 226 | E8: AT9
A9: Benzina | B9: Carburante | C9: Fuel | D9: 226 | E9: Benzina
A10: CF6 | B10: Livello Ecologia | C10: Ecology level | D10: 226 | E10: CF6
A11: DIESEL | B11: Carburante | C11: Fuel | D11: 226 | E11: DIESEL
A12: EURO 5 | B12: Livello Ecologia | C12: Ecology level | D12: 226 | E12: EURO 5
A13: FIAT | B13: Marchio | C13: Brand | D13: 226 | E13: FIAT
... A210: liv. 5 | B210: Livello Allestimento | C210: Trim Level | D210: 376 | E210: liv. 5
A211: 1,3 | B211: Cilindrata (l) | C211: Engine displacement (liters) | D211: 521 | F211: 1,3
A212: 127 | B212: Potenza max KW | C212: Maximum power kW | D212: 521 | F212: 127
A213: 129 | B213: Potenza max KW | C213: Maximum power kW | D213: 521 | F213: 129
A214: 4 | B214: Numero Porte | C214: Number of doors | D214: 521 | F214: 4
A215: 4 | B215: Numero Cilindri | C215: Number of valves per cylinder | D215: 521 | F215: 4
A216: 4 | B216: Numero Cilindri | C216: Number of cylinders | D216: 521 | F216: 4
A217: 4 | B217: Num Valvole per Cilindro | C217: Number of valves per cylinder | D217: 521 | F217: 4
A218: 4WD | B218: Tipo Trazione | C218: Traction type | D218: 521 | F218: 4WD
A219: CEE-E6C | B219: Livello Ecologia | C219: Ecology level | D219: 521 | F219: CEE-E6C
A220: EURO 5 | B220: Livello Ecologia | C220: Ecology level | D220: 521 | F220: EURO 5
A221: FWD | B221: Tipo Trazione | C221: Traction type | D221: 521 | F221: FWD
A222: Flex | B222: Carburante | C222: Fuel | D222: 521 | F222: Flex
... A283: Turbo | B283: Caratteristiche Motore | C283: Engine Features | D283: 598 | F283: Turbo
